profile,state,command,target,event
guarded,0,0,4,10
guarded,0,1,0,11
guarded,0,2,0,2
guarded,0,3,2,3
guarded,0,4,0,14
guarded,0,5,1,15
guarded,0,6,0,16
guarded,0,7,0,17
guarded,1,0,5,10
guarded,1,1,1,11
guarded,1,2,1,2
guarded,1,3,3,3
guarded,1,4,0,14
guarded,1,5,1,15
guarded,1,6,1,16
guarded,1,7,1,17
guarded,2,0,6,10
guarded,2,1,2,11
guarded,2,2,0,2
guarded,2,3,2,3
guarded,2,4,2,14
guarded,2,5,3,15
guarded,2,6,2,16
guarded,2,7,2,17
guarded,3,0,7,10
guarded,3,1,3,11
guarded,3,2,1,2
guarded,3,3,3,3
guarded,3,4,2,14
guarded,3,5,3,15
guarded,3,6,3,16
guarded,3,7,3,17
guarded,4,0,4,10
guarded,4,1,4,11
guarded,4,2,4,2
guarded,4,3,6,3
guarded,4,4,4,14
guarded,4,5,5,15
guarded,4,6,4,16
guarded,4,7,4,17
guarded,5,0,5,10
guarded,5,1,5,11
guarded,5,2,5,2
guarded,5,3,7,3
guarded,5,4,4,14
guarded,5,5,5,15
guarded,5,6,5,16
guarded,5,7,5,17
guarded,6,0,6,10
guarded,6,1,10,11
guarded,6,2,4,2
guarded,6,3,6,3
guarded,6,4,6,14
guarded,6,5,7,15
guarded,6,6,6,16
guarded,6,7,6,17
guarded,7,0,7,10
guarded,7,1,11,11
guarded,7,2,5,2
guarded,7,3,7,3
guarded,7,4,6,14
guarded,7,5,7,15
guarded,7,6,7,16
guarded,7,7,7,17
guarded,8,0,8,10
guarded,8,1,8,11
guarded,8,2,8,2
guarded,8,3,10,3
guarded,8,4,8,14
guarded,8,5,9,15
guarded,8,6,8,16
guarded,8,7,8,17
guarded,9,0,9,10
guarded,9,1,9,11
guarded,9,2,9,2
guarded,9,3,11,3
guarded,9,4,8,14
guarded,9,5,9,15
guarded,9,6,9,16
guarded,9,7,9,17
guarded,10,0,10,10
guarded,10,1,14,1
guarded,10,2,8,2
guarded,10,3,10,3
guarded,10,4,10,14
guarded,10,5,11,15
guarded,10,6,10,16
guarded,10,7,10,17
guarded,11,0,11,10
guarded,11,1,15,1
guarded,11,2,9,2
guarded,11,3,11,3
guarded,11,4,10,14
guarded,11,5,11,15
guarded,11,6,11,16
guarded,11,7,11,17
guarded,12,0,12,10
guarded,12,1,12,11
guarded,12,2,12,2
guarded,12,3,14,3
guarded,12,4,12,14
guarded,12,5,13,15
guarded,12,6,12,16
guarded,12,7,12,17
guarded,13,0,13,10
guarded,13,1,13,11
guarded,13,2,13,2
guarded,13,3,15,3
guarded,13,4,12,14
guarded,13,5,13,15
guarded,13,6,13,16
guarded,13,7,13,17
guarded,14,0,14,10
guarded,14,1,14,11
guarded,14,2,12,2
guarded,14,3,14,3
guarded,14,4,14,14
guarded,14,5,15,15
guarded,14,6,14,16
guarded,14,7,14,17
guarded,15,0,15,10
guarded,15,1,15,11
guarded,15,2,13,2
guarded,15,3,15,3
guarded,15,4,14,14
guarded,15,5,15,15
guarded,15,6,15,16
guarded,15,7,15,17
cached,0,0,4,10
cached,0,1,0,11
cached,0,2,0,2
cached,0,3,2,3
cached,0,4,0,14
cached,0,5,1,15
cached,0,6,0,16
cached,0,7,0,17
cached,1,0,5,10
cached,1,1,1,11
cached,1,2,1,2
cached,1,3,3,3
cached,1,4,0,14
cached,1,5,1,15
cached,1,6,1,16
cached,1,7,1,17
cached,2,0,6,10
cached,2,1,2,11
cached,2,2,0,2
cached,2,3,2,3
cached,2,4,2,14
cached,2,5,3,15
cached,2,6,2,16
cached,2,7,2,17
cached,3,0,7,10
cached,3,1,3,11
cached,3,2,1,2
cached,3,3,3,3
cached,3,4,2,14
cached,3,5,3,15
cached,3,6,3,16
cached,3,7,3,17
cached,4,0,4,10
cached,4,1,4,11
cached,4,2,4,2
cached,4,3,6,3
cached,4,4,4,14
cached,4,5,5,15
cached,4,6,4,16
cached,4,7,4,17
cached,5,0,5,10
cached,5,1,5,11
cached,5,2,5,2
cached,5,3,7,3
cached,5,4,4,14
cached,5,5,5,15
cached,5,6,5,16
cached,5,7,5,17
cached,6,0,6,10
cached,6,1,10,11
cached,6,2,4,2
cached,6,3,6,3
cached,6,4,6,14
cached,6,5,7,15
cached,6,6,6,16
cached,6,7,6,17
cached,7,0,7,10
cached,7,1,11,11
cached,7,2,5,2
cached,7,3,7,3
cached,7,4,6,14
cached,7,5,7,15
cached,7,6,7,16
cached,7,7,7,17
cached,8,0,8,10
cached,8,1,12,1
cached,8,2,8,2
cached,8,3,10,3
cached,8,4,8,14
cached,8,5,9,15
cached,8,6,8,16
cached,8,7,8,17
cached,9,0,9,10
cached,9,1,13,1
cached,9,2,9,2
cached,9,3,11,3
cached,9,4,8,14
cached,9,5,9,15
cached,9,6,9,16
cached,9,7,9,17
cached,10,0,10,10
cached,10,1,14,1
cached,10,2,8,2
cached,10,3,10,3
cached,10,4,10,14
cached,10,5,11,15
cached,10,6,10,16
cached,10,7,10,17
cached,11,0,11,10
cached,11,1,15,1
cached,11,2,9,2
cached,11,3,11,3
cached,11,4,10,14
cached,11,5,11,15
cached,11,6,11,16
cached,11,7,11,17
cached,12,0,12,10
cached,12,1,12,11
cached,12,2,12,2
cached,12,3,14,3
cached,12,4,12,14
cached,12,5,13,15
cached,12,6,12,16
cached,12,7,12,17
cached,13,0,13,10
cached,13,1,13,11
cached,13,2,13,2
cached,13,3,15,3
cached,13,4,12,14
cached,13,5,13,15
cached,13,6,13,16
cached,13,7,13,17
cached,14,0,14,10
cached,14,1,14,11
cached,14,2,12,2
cached,14,3,14,3
cached,14,4,14,14
cached,14,5,15,15
cached,14,6,14,16
cached,14,7,14,17
cached,15,0,15,10
cached,15,1,15,11
cached,15,2,13,2
cached,15,3,15,3
cached,15,4,14,14
cached,15,5,15,15
cached,15,6,15,16
cached,15,7,15,17
advice_blocked,0,0,4,10
advice_blocked,0,1,0,11
advice_blocked,0,2,0,2
advice_blocked,0,3,2,3
advice_blocked,0,4,0,14
advice_blocked,0,5,1,15
advice_blocked,0,6,0,16
advice_blocked,0,7,0,17
advice_blocked,1,0,5,10
advice_blocked,1,1,1,11
advice_blocked,1,2,1,2
advice_blocked,1,3,3,3
advice_blocked,1,4,0,14
advice_blocked,1,5,1,15
advice_blocked,1,6,1,16
advice_blocked,1,7,1,17
advice_blocked,2,0,6,10
advice_blocked,2,1,2,11
advice_blocked,2,2,0,2
advice_blocked,2,3,2,3
advice_blocked,2,4,2,14
advice_blocked,2,5,3,15
advice_blocked,2,6,2,16
advice_blocked,2,7,2,17
advice_blocked,3,0,7,10
advice_blocked,3,1,3,11
advice_blocked,3,2,1,2
advice_blocked,3,3,3,3
advice_blocked,3,4,2,14
advice_blocked,3,5,3,15
advice_blocked,3,6,3,16
advice_blocked,3,7,3,17
advice_blocked,4,0,4,10
advice_blocked,4,1,4,11
advice_blocked,4,2,4,2
advice_blocked,4,3,6,3
advice_blocked,4,4,4,14
advice_blocked,4,5,5,15
advice_blocked,4,6,4,16
advice_blocked,4,7,4,17
advice_blocked,5,0,5,10
advice_blocked,5,1,5,11
advice_blocked,5,2,5,2
advice_blocked,5,3,7,3
advice_blocked,5,4,4,14
advice_blocked,5,5,5,15
advice_blocked,5,6,5,16
advice_blocked,5,7,5,17
advice_blocked,6,0,6,10
advice_blocked,6,1,10,11
advice_blocked,6,2,4,2
advice_blocked,6,3,6,3
advice_blocked,6,4,6,14
advice_blocked,6,5,7,15
advice_blocked,6,6,6,16
advice_blocked,6,7,6,17
advice_blocked,7,0,7,10
advice_blocked,7,1,11,11
advice_blocked,7,2,5,2
advice_blocked,7,3,7,3
advice_blocked,7,4,6,14
advice_blocked,7,5,7,15
advice_blocked,7,6,7,16
advice_blocked,7,7,7,17
advice_blocked,8,0,8,10
advice_blocked,8,1,8,11
advice_blocked,8,2,8,2
advice_blocked,8,3,10,3
advice_blocked,8,4,8,14
advice_blocked,8,5,9,15
advice_blocked,8,6,8,16
advice_blocked,8,7,8,17
advice_blocked,9,0,9,10
advice_blocked,9,1,9,11
advice_blocked,9,2,9,2
advice_blocked,9,3,11,3
advice_blocked,9,4,8,14
advice_blocked,9,5,9,15
advice_blocked,9,6,9,16
advice_blocked,9,7,9,17
advice_blocked,10,0,10,10
advice_blocked,10,1,10,11
advice_blocked,10,2,8,2
advice_blocked,10,3,10,3
advice_blocked,10,4,10,14
advice_blocked,10,5,11,15
advice_blocked,10,6,10,16
advice_blocked,10,7,10,17
advice_blocked,11,0,11,10
advice_blocked,11,1,15,1
advice_blocked,11,2,9,2
advice_blocked,11,3,11,3
advice_blocked,11,4,10,14
advice_blocked,11,5,11,15
advice_blocked,11,6,11,16
advice_blocked,11,7,11,17
advice_blocked,12,0,12,10
advice_blocked,12,1,12,11
advice_blocked,12,2,12,2
advice_blocked,12,3,14,3
advice_blocked,12,4,12,14
advice_blocked,12,5,13,15
advice_blocked,12,6,12,16
advice_blocked,12,7,12,17
advice_blocked,13,0,13,10
advice_blocked,13,1,13,11
advice_blocked,13,2,13,2
advice_blocked,13,3,15,3
advice_blocked,13,4,12,14
advice_blocked,13,5,13,15
advice_blocked,13,6,13,16
advice_blocked,13,7,13,17
advice_blocked,14,0,14,10
advice_blocked,14,1,14,11
advice_blocked,14,2,12,2
advice_blocked,14,3,14,3
advice_blocked,14,4,14,14
advice_blocked,14,5,15,15
advice_blocked,14,6,14,16
advice_blocked,14,7,14,17
advice_blocked,15,0,15,10
advice_blocked,15,1,15,11
advice_blocked,15,2,13,2
advice_blocked,15,3,15,3
advice_blocked,15,4,14,14
advice_blocked,15,5,15,15
advice_blocked,15,6,15,16
advice_blocked,15,7,15,17
retry,0,0,4,10
retry,0,1,0,11
retry,0,2,0,2
retry,0,3,2,3
retry,0,4,0,14
retry,0,5,1,15
retry,0,6,0,16
retry,0,7,0,17
retry,1,0,5,10
retry,1,1,1,11
retry,1,2,1,2
retry,1,3,3,3
retry,1,4,0,14
retry,1,5,1,15
retry,1,6,1,16
retry,1,7,1,17
retry,2,0,6,10
retry,2,1,2,11
retry,2,2,0,2
retry,2,3,2,3
retry,2,4,2,14
retry,2,5,3,15
retry,2,6,2,16
retry,2,7,2,17
retry,3,0,7,10
retry,3,1,3,11
retry,3,2,1,2
retry,3,3,3,3
retry,3,4,2,14
retry,3,5,3,15
retry,3,6,3,16
retry,3,7,3,17
retry,4,0,4,10
retry,4,1,4,11
retry,4,2,4,2
retry,4,3,6,3
retry,4,4,4,14
retry,4,5,5,15
retry,4,6,4,16
retry,4,7,4,17
retry,5,0,5,10
retry,5,1,5,11
retry,5,2,5,2
retry,5,3,7,3
retry,5,4,4,14
retry,5,5,5,15
retry,5,6,5,16
retry,5,7,5,17
retry,6,0,6,10
retry,6,1,10,11
retry,6,2,4,2
retry,6,3,6,3
retry,6,4,6,14
retry,6,5,7,15
retry,6,6,6,16
retry,6,7,6,17
retry,7,0,7,10
retry,7,1,11,11
retry,7,2,5,2
retry,7,3,7,3
retry,7,4,6,14
retry,7,5,7,15
retry,7,6,7,16
retry,7,7,7,17
retry,8,0,8,10
retry,8,1,8,11
retry,8,2,8,2
retry,8,3,10,3
retry,8,4,8,14
retry,8,5,9,15
retry,8,6,8,16
retry,8,7,8,17
retry,9,0,9,10
retry,9,1,9,11
retry,9,2,9,2
retry,9,3,11,3
retry,9,4,8,14
retry,9,5,9,15
retry,9,6,9,16
retry,9,7,9,17
retry,10,0,10,10
retry,10,1,14,1
retry,10,2,8,2
retry,10,3,10,3
retry,10,4,10,14
retry,10,5,11,15
retry,10,6,10,16
retry,10,7,10,17
retry,11,0,11,10
retry,11,1,15,1
retry,11,2,9,2
retry,11,3,11,3
retry,11,4,10,14
retry,11,5,11,15
retry,11,6,11,16
retry,11,7,11,17
retry,12,0,12,10
retry,12,1,12,11
retry,12,2,12,2
retry,12,3,14,3
retry,12,4,12,14
retry,12,5,13,15
retry,12,6,8,16
retry,12,7,12,17
retry,13,0,13,10
retry,13,1,13,11
retry,13,2,13,2
retry,13,3,15,3
retry,13,4,12,14
retry,13,5,13,15
retry,13,6,9,16
retry,13,7,13,17
retry,14,0,14,10
retry,14,1,14,11
retry,14,2,12,2
retry,14,3,14,3
retry,14,4,14,14
retry,14,5,15,15
retry,14,6,10,16
retry,14,7,14,17
retry,15,0,15,10
retry,15,1,15,11
retry,15,2,13,2
retry,15,3,15,3
retry,15,4,14,14
retry,15,5,15,15
retry,15,6,11,16
retry,15,7,15,17
